"","leto","država","število"
"1","2014","Afghanistan","2,596,270"
"2","2014","Albania","10,158"
"3","2014","Algeria","3,524"
"4","2014","Andorra","7"
"5","2014","Angola","9,484"
"6","2014","Antigua and Barbuda","53"
"7","2014","Argentina","318"
"8","2014","Armenia","11,848"
"9","2014","Australia","25"
"10","2014","Austria","10"
"11","2014","Azerbaijan","10,515"
"12","2014","Bahamas","215"
"13","2014","Bahrain","347"
"14","2014","Bangladesh","10,881"
"15","2014","Barbados","86"
"16","2014","Belarus","4,300"
"17","2014","Belgium","75"
"18","2014","Belize","45"
"19","2014","Benin","340"
"20","2014","Bhutan","23,642"
"21","2014","Bolivia","600"
"22","2014","Bosnia and Herzegovina","21,841"
"23","2014","Botswana","237"
"24","2014","Brazil","977"
"25","2014","Brunei","1"
"26","2014","Bulgaria","1,648"
"27","2014","Burkina Faso","1,853"
"28","2014","Burundi","72,493"
"29","2014","Cambodia","13,062"
"30","2014","Cameroon","10,766"
"31","2014","Canada","95"
"32","2014","Cape Verde","27"
"33","2014","CAR","410,787"
"34","2014","Cayman Islands","6"
"35","2014","Chad","14,855"
"36","2014","Chile","579"
"37","2014","China","210,802"
"38","2014","Colombia","103,150"
"39","2014","Comoros","581"
"40","2014","Congo","14,500"
"41","2014","Cook Islands","1"
"42","2014","Costa Rica","417"
"43","2014","Ivory Coast","71,966"
"44","2014","Croatia","40,122"
"45","2014","Cuba","6,502"
"46","2014","Curaçao","35"
"47","2014","Cyprus","10"
"48","2014","Czech Republic","1,327"
"49","2014","Denmark","12"
"50","2014","Djibouti","879"
"51","2014","Dominica","38"
"52","2014","Dominican Republic","349"
"53","2014","DRC","516,563"
"54","2014","Ecuador","804"
"55","2014","Egypt","15,903"
"56","2014","El Salvador","10,965"
"57","2014","Equatorial Guinea","174"
"58","2014","Eritrea","330,541"
"59","2014","Estonia","339"
"60","2014","Ethiopia","86,870"
"61","2014","Fiji","924"
"62","2014","Finland","7"
"63","2014","France","93"
"64","2014","French Polynesia",""
"65","2014","Gabon","172"
"66","2014","Gambia","5,136"
"67","2014","Georgia","6,681"
"68","2014","Germany","176"
"69","2014","Ghana","22,143"
"70","2014","Gibraltar","2"
"71","2014","Greece","113"
"72","2014","Grenada","324"
"73","2014","Guatemala","7,483"
"74","2014","Guinea","15,252"
"75","2014","Guinea-Bissau","1,307"
"76","2014","Guyana","700"
"77","2014","Haiti","37,162"
"78","2014","Honduras","4,159"
"79","2014","Hong Kong","25"
"80","2014","Hungary","1,267"
"81","2014","Iceland","1"
"82","2014","India","10,436"
"83","2014","Indonesia","9,562"
"84","2014","Iran","82,191"
"85","2014","Iraq","369,954"
"86","2014","Ireland","10"
"87","2014","Israel","979"
"88","2014","Italy","67"
"89","2014","Jamaica","1,692"
"90","2014","Japan","262"
"91","2014","Jordan","1,718"
"92","2014","Kazakhstan","2,224"
"93","2014","Kenya","8,553"
"94","2014","Kiribati","3"
"95","2014","Kuwait","981"
"96","2014","Kyrgyzstan","2,451"
"97","2014","Laos","7,482"
"98","2014","Latvia","213"
"99","2014","Lebanon","4,273"
"100","2014","Lesotho","17"
"101","2014","Liberia","13,545"
"102","2014","Libya","4,203"
"103","2014","Lithuania","183"
"104","2014","Luxembourg","2"
"105","2014","Macao","5"
"106","2014","Macedonia","1,759"
"107","2014","Madagascar","281"
"108","2014","Malawi","361"
"109","2014","Malaysia","468"
"110","2014","Maldives","36"
"111","2014","Mali","139,267"
"112","2014","Malta","5"
"113","2014","Marshall Islands","3"
"114","2014","Mauritania","34,113"
"115","2014","Mauritius","94"
"116","2014","Mexico","10,666"
"117","2014","Moldova","2,233"
"118","2014","Monaco","3"
"119","2014","Mongolia","2,163"
"120","2014","Montenegro","607"
"121","2014","Morocco","1,539"
"122","2014","Mozambique","58"
"123","2014","Myanmar","223,896"
"124","2014","Namibia","1,253"
"125","2014","Nauru",""
"126","2014","Nepal","8,561"
"127","2014","Netherlands","68"
"128","2014","New Zealand","17"
"129","2014","Nicaragua","1,587"
"130","2014","Niger","739"
"131","2014","Nigeria","54,563"
"132","2014","Niue","18"
"133","2014","Norfolk Island","1"
"134","2014","North Korea","1,282"
"135","2014","Norway","13"
"136","2014","Oman","29"
"137","2014","Pakistan","315,805"
"138","2014","Palau","1"
"139","2014","Palestinians (excl. UNRWA}","97,212"
"140","2014","Panama","89"
"141","2014","Papua New Guinea","288"
"142","2014","Paraguay","94"
"143","2014","Peru","4,343"
"144","2014","Philippines","666"
"145","2014","Poland","1,310"
"146","2014","Portugal","31"
"147","2014","Qatar","21"
"148","2014","Romania","1,918"
"149","2014","Russia","70,562"
"150","2014","Rwanda","79,408"
"151","2014","Saint Kitts and Nevis","23"
"152","2014","Saint Lucia","922"
"153","2014","Saint Vincent and the Grenadines","1,736"
"154","2014","Samoa","1"
"155","2014","San Marino","1"
"156","2014","Sao Tome and Principe","22"
"157","2014","Saudi Arabia","630"
"158","2014","Senegal","23,118"
"159","2014","Serbia and Kosovo","45,464"
"160","2014","Seychelles","25"
"161","2014","Sierra Leone","4,993"
"162","2014","Singapore","59"
"163","2014","Slovakia","319"
"164","2014","Slovenia","26"
"165","2014","Solomon Islands","70"
"166","2014","Somalia","1,106,434"
"167","2014","South Africa","424"
"168","2014","South Korea","481"
"169","2014","South Sudan","616,143"
"170","2014","Spain","60"
"171","2014","Sri Lanka","122,010"
"172","2014","Stateless","27,915"
"173","2014","Sudan","659,408"
"174","2014","Suriname","17"
"175","2014","Swaziland","161"
"176","2014","Sweden","18"
"177","2014","Switzerland","19"
"178","2014","Syria","3,869,626"
"179","2014","Tajikistan","725"
"180","2014","Tanzania","858"
"181","2014","Thailand","231"
"182","2014","Tibet","15,069"
"183","2014","East Timor","13"
"184","2014","Togo","9,275"
"185","2014","Tonga","22"
"186","2014","Trinidad and Tobago","371"
"187","2014","Tunisia","1,485"
"188","2014","Turkey","63,892"
"189","2014","Turkmenistan","484"
"190","2014","Turks and Caicos Islands","15"
"191","2014","Tuvalu","2"
"192","2014","Uganda","7,190"
"193","2014","Ukraine","237,625"
"194","2014","UAE","90"
"195","2014","United Kingdom","141"
"196","2014","United States","4,987"
"197","2014","Uruguay","124"
"198","2014","Uzbekistan","4,795"
"199","2014","Vanuatu","1"
"200","2014","Various/unknown","99,577"
"201","2014","Venezuela","8,009"
"202","2014","Vietnam","313,417"
"203","2014","Western Sahara","90,482"
"204","2014","Yemen","2,631"
"205","2014","Zambia","316"
"206","2014","Zimbabwe","22,492"
"207","2013","Afghanistan","2,556,502"
"208","2013","Albania","10,103"
"209","2013","Algeria","3,660"
"210","2013","Andorra","5"
"211","2013","Angola","10,286"
"212","2013","Antigua and Barbuda","49"
"213","2013","Argentina","388"
"214","2013","Armenia","11,998"
"215","2013","Australia","28"
"216","2013","Austria","10"
"217","2013","Azerbaijan","10,814"
"218","2013","Bahamas","210"
"219","2013","Bahrain","275"
"220","2013","Bangladesh","9,725"
"221","2013","Barbados","67"
"222","2013","Belarus","4,397"
"223","2013","Belgium","78"
"224","2013","Belize","40"
"225","2013","Benin","302"
"226","2013","Bhutan","31,567"
"227","2013","Bolivia","601"
"228","2013","Bosnia and Herzegovina","26,756"
"229","2013","Botswana","168"
"230","2013","Brazil","985"
"231","2013","Brunei","1"
"232","2013","Bulgaria","1,880"
"233","2013","Burkina Faso","1,580"
"234","2013","Burundi","72,647"
"235","2013","Cambodia","13,713"
"236","2013","Cameroon","11,427"
"237","2013","Canada","99"
"238","2013","Cape Verde","28"
"239","2013","CAR","249,044"
"240","2013","Cayman Islands","6"
"241","2013","Chad","15,237"
"242","2013","Chile","596"
"243","2013","China","195,133"
"244","2013","Colombia","108,117"
"245","2013","Comoros","513"
"246","2013","Congo","11,753"
"247","2013","Cook Islands","1"
"248","2013","Costa Rica","463"
"249","2013","Ivory Coast","85,652"
"250","2013","Croatia","49,756"
"251","2013","Cuba","6,460"
"252","2013","Curaçao","35"
"253","2013","Cyprus","10"
"254","2013","Czech Republic","991"
"255","2013","Denmark","10"
"256","2013","Djibouti","762"
"257","2013","Dominica","43"
"258","2013","Dominican Republic","306"
"259","2013","DRC","499,355"
"260","2013","Ecuador","707"
"261","2013","Egypt","12,810"
"262","2013","El Salvador","9,635"
"263","2013","Equatorial Guinea","200"
"264","2013","Eritrea","273,063"
"265","2013","Estonia","352"
"266","2013","Ethiopia","77,122"
"267","2013","Fiji","1,112"
"268","2013","Finland","7"
"269","2013","France","98"
"270","2013","French Polynesia",""
"271","2013","Gabon","176"
"272","2013","Gambia","3,397"
"273","2013","Georgia","6,778"
"274","2013","Germany","175"
"275","2013","Ghana","21,076"
"276","2013","Gibraltar","2"
"277","2013","Greece","91"
"278","2013","Grenada","330"
"279","2013","Guatemala","6,615"
"280","2013","Guinea","14,561"
"281","2013","Guinea-Bissau","1,223"
"282","2013","Guyana","800"
"283","2013","Haiti","38,659"
"284","2013","Honduras","3,300"
"285","2013","Hong Kong","25"
"286","2013","Hungary","1,220"
"287","2013","Iceland","2"
"288","2013","India","11,041"
"289","2013","Indonesia","9,640"
"290","2013","Iran","75,070"
"291","2013","Iraq","401,466"
"292","2013","Ireland","9"
"293","2013","Israel","1,041"
"294","2013","Italy","66"
"295","2013","Jamaica","1,503"
"296","2013","Japan","157"
"297","2013","Jordan","1,632"
"298","2013","Kazakhstan","2,123"
"299","2013","Kenya","8,586"
"300","2013","Kiribati","20"
"301","2013","Kuwait","977"
"302","2013","Kyrgyzstan","2,301"
"303","2013","Laos","7,744"
"304","2013","Latvia","233"
"305","2013","Lebanon","3,819"
"306","2013","Lesotho","15"
"307","2013","Liberia","17,531"
"308","2013","Libya","3,314"
"309","2013","Lithuania","220"
"310","2013","Luxembourg","1"
"311","2013","Macao","1"
"312","2013","Macedonia","1,628"
"313","2013","Madagascar","296"
"314","2013","Malawi","326"
"315","2013","Malaysia","485"
"316","2013","Maldives","31"
"317","2013","Mali","152,828"
"318","2013","Malta","6"
"319","2013","Marshall Islands","3"
"320","2013","Mauritania","34,252"
"321","2013","Mauritius","81"
"322","2013","Mexico","9,390"
"323","2013","Moldova","2,207"
"324","2013","Monaco","3"
"325","2013","Mongolia","2,059"
"326","2013","Montenegro","546"
"327","2013","Morocco","1,308"
"328","2013","Mozambique","56"
"329","2013","Myanmar","222,053"
"330","2013","Namibia","1,143"
"331","2013","Nauru",""
"332","2013","Nepal","8,108"
"333","2013","Netherlands","64"
"334","2013","New Zealand","17"
"335","2013","Nicaragua","1,538"
"336","2013","Niger","683"
"337","2013","Nigeria","25,465"
"338","2013","Niue","14"
"339","2013","Norfolk Island",""
"340","2013","North Korea","1,167"
"341","2013","Norway","13"
"342","2013","Oman","26"
"343","2013","Pakistan","31,893"
"344","2013","Palau","1"
"345","2013","Palestinians (excl. UNRWA}","96,044"
"346","2013","Panama","105"
"347","2013","Papua New Guinea","221"
"348","2013","Paraguay","95"
"349","2013","Peru","4,768"
"350","2013","Philippines","717"
"351","2013","Poland","1,429"
"352","2013","Portugal","32"
"353","2013","Qatar","17"
"354","2013","Romania","2,330"
"355","2013","Russia","74,316"
"356","2013","Rwanda","83,955"
"357","2013","Saint Kitts and Nevis","15"
"358","2013","Saint Lucia","710"
"359","2013","Saint Vincent and the Grenadines","1,535"
"360","2013","Samoa","1"
"361","2013","San Marino","1"
"362","2013","Sao Tome and Principe","31"
"363","2013","Saudi Arabia","584"
"364","2013","Senegal","19,822"
"365","2013","Serbia and Kosovo","48,436"
"366","2013","Seychelles","26"
"367","2013","Sierra Leone","5,311"
"368","2013","Singapore","65"
"369","2013","Slovakia","323"
"370","2013","Slovenia","28"
"371","2013","Solomon Islands","61"
"372","2013","Somalia","1,121,770"
"373","2013","South Africa","423"
"374","2013","South Korea","500"
"375","2013","South Sudan","114,371"
"376","2013","Spain","56"
"377","2013","Sri Lanka","123,083"
"378","2013","Stateless","20,202"
"379","2013","Sudan","636,405"
"380","2013","Suriname","17"
"381","2013","Swaziland","109"
"382","2013","Sweden","16"
"383","2013","Switzerland","15"
"384","2013","Syria","2,457,241"
"385","2013","Tajikistan","662"
"386","2013","Tanzania","1,040"
"387","2013","Thailand","217"
"388","2013","Tibet","15,065"
"389","2013","East Timor","10"
"390","2013","Togo","10,318"
"391","2013","Tonga","18"
"392","2013","Trinidad and Tobago","336"
"393","2013","Tunisia","1,363"
"394","2013","Turkey","66,575"
"395","2013","Turkmenistan","519"
"396","2013","Turks and Caicos Islands","15"
"397","2013","Tuvalu","2"
"398","2013","Uganda","8,176"
"399","2013","Ukraine","5,163"
"400","2013","UAE","90"
"401","2013","United Kingdom","142"
"402","2013","United States","4,760"
"403","2013","Uruguay","147"
"404","2013","Uzbekistan","4,952"
"405","2013","Vanuatu","1"
"406","2013","Various/unknown","105,643"
"407","2013","Venezuela","8,395"
"408","2013","Vietnam","314,106"
"409","2013","Western Sahara","90,504"
"410","2013","Yemen","2,428"
"411","2013","Zambia","232"
"412","2013","Zimbabwe","19,734"
"413","2012","Afghanistan","2,586,152"
"414","2012","Albania","12,568"
"415","2012","Algeria","5,673"
"416","2012","Andorra","7"
"417","2012","Angola","19,258"
"418","2012","Antigua and Barbuda","45"
"419","2012","Argentina","447"
"420","2012","Armenia","15,934"
"421","2012","Australia","48"
"422","2012","Austria","12"
"423","2012","Azerbaijan","15,537"
"424","2012","Bahamas","196"
"425","2012","Bahrain","297"
"426","2012","Bangladesh","10,156"
"427","2012","Barbados","55"
"428","2012","Belarus","6,191"
"429","2012","Belgium","93"
"430","2012","Belize","39"
"431","2012","Benin","457"
"432","2012","Bhutan","41,590"
"433","2012","Bolivia","618"
"434","2012","Bosnia and Herzegovina","51,767"
"435","2012","Botswana","127"
"436","2012","Brazil","1,076"
"437","2012","Brunei","1"
"438","2012","Bulgaria","2,147"
"439","2012","Burkina Faso","1,456"
"440","2012","Burundi","73,363"
"441","2012","Cambodia","13,993"
"442","2012","Cameroon","13,382"
"443","2012","Canada","119"
"444","2012","Cape Verde","25"
"445","2012","CAR","162,442"
"446","2012","Cayman Islands","1"
"447","2012","Chad","15,844"
"448","2012","Chile","1,152"
"449","2012","China","193,453"
"450","2012","Colombia","111,773"
"451","2012","Comoros","454"
"452","2012","Congo","12,119"
"453","2012","Cook Islands","1"
"454","2012","Costa Rica","325"
"455","2012","Ivory Coast","100,717"
"456","2012","Croatia","62,606"
"457","2012","Cuba","6,724"
"458","2012","Curaçao",""
"459","2012","Cyprus","11"
"460","2012","Czech Republic","622"
"461","2012","Denmark","9"
"462","2012","Djibouti","640"
"463","2012","Dominica","54"
"464","2012","Dominican Republic","289"
"465","2012","DRC","509,082"
"466","2012","Ecuador","844"
"467","2012","Egypt","10,016"
"468","2012","El Salvador","8,171"
"469","2012","Equatorial Guinea","228"
"470","2012","Eritrea","248,024"
"471","2012","Estonia","456"
"472","2012","Ethiopia","74,939"
"473","2012","Fiji","1,317"
"474","2012","Finland","7"
"475","2012","France","100"
"476","2012","French Polynesia",""
"477","2012","Gabon","183"
"478","2012","Gambia","3,076"
"479","2012","Georgia","9,261"
"480","2012","Germany","182"
"481","2012","Ghana","24,296"
"482","2012","Gibraltar","2"
"483","2012","Greece","51"
"484","2012","Grenada","316"
"485","2012","Guatemala","6,388"
"486","2012","Guinea","14,061"
"487","2012","Guinea-Bissau","1,180"
"488","2012","Guyana","801"
"489","2012","Haiti","38,568"
"490","2012","Honduras","2,613"
"491","2012","Hong Kong","19"
"492","2012","Hungary","1,087"
"493","2012","Iceland","3"
"494","2012","India","14,258"
"495","2012","Indonesia","10,051"
"496","2012","Iran","75,938"
"497","2012","Iraq","746,190"
"498","2012","Ireland","9"
"499","2012","Israel","1,340"
"500","2012","Italy","66"
"501","2012","Jamaica","1,407"
"502","2012","Japan","172"
"503","2012","Jordan","2,358"
"504","2012","Kazakhstan","3,571"
"505","2012","Kenya","8,950"
"506","2012","Kiribati","33"
"507","2012","Kuwait","1,197"
"508","2012","Kyrgyzstan","3,489"
"509","2012","Laos","7,983"
"510","2012","Latvia","662"
"511","2012","Lebanon","15,106"
"512","2012","Lesotho","13"
"513","2012","Liberia","23,401"
"514","2012","Libya","5,249"
"515","2012","Lithuania","491"
"516","2012","Luxembourg",""
"517","2012","Macao","1"
"518","2012","Macedonia","7,589"
"519","2012","Madagascar","300"
"520","2012","Malawi","277"
"521","2012","Malaysia","531"
"522","2012","Maldives","24"
"523","2012","Mali","149,942"
"524","2012","Malta","6"
"525","2012","Marshall Islands","2"
"526","2012","Mauritania","33,765"
"527","2012","Mauritius","62"
"528","2012","Mexico","8,435"
"529","2012","Moldova","6,148"
"530","2012","Monaco","4"
"531","2012","Mongolia","2,114"
"532","2012","Montenegro","4,054"
"533","2012","Morocco","2,405"
"534","2012","Mozambique","160"
"535","2012","Myanmar","215,340"
"536","2012","Namibia","1,098"
"537","2012","Nauru",""
"538","2012","Nepal","7,610"
"539","2012","Netherlands","71"
"540","2012","New Zealand","20"
"541","2012","Nicaragua","1,531"
"542","2012","Niger","832"
"543","2012","Nigeria","18,020"
"544","2012","Niue","10"
"545","2012","Norfolk Island",""
"546","2012","North Korea","1,132"
"547","2012","Norway","9"
"548","2012","Oman","65"
"549","2012","Pakistan","33,673"
"550","2012","Palau",""
"551","2012","Palestinians (excl. UNRWA}","94,821"
"552","2012","Panama","107"
"553","2012","Papua New Guinea","174"
"554","2012","Paraguay","101"
"555","2012","Peru","5,212"
"556","2012","Philippines","966"
"557","2012","Poland","1,640"
"558","2012","Portugal","32"
"559","2012","Qatar","124"
"560","2012","Romania","2,806"
"561","2012","Russia","110,586"
"562","2012","Rwanda","97,373"
"563","2012","Saint Kitts and Nevis","12"
"564","2012","Saint Lucia","566"
"565","2012","Saint Vincent and the Grenadines","1,316"
"566","2012","Samoa","1"
"567","2012","San Marino","1"
"568","2012","Sao Tome and Principe","32"
"569","2012","Saudi Arabia","817"
"570","2012","Senegal","18,724"
"571","2012","Serbia and Kosovo","157,623"
"572","2012","Seychelles","29"
"573","2012","Sierra Leone","6,202"
"574","2012","Singapore","68"
"575","2012","Slovakia","239"
"576","2012","Slovenia","34"
"577","2012","Solomon Islands","61"
"578","2012","Somalia","1,136,718"
"579","2012","South Africa","420"
"580","2012","South Korea","558"
"581","2012","South Sudan","86,909"
"582","2012","Spain","52"
"583","2012","Sri Lanka","132,721"
"584","2012","Stateless","19,673"
"585","2012","Sudan","558,199"
"586","2012","Suriname","15"
"587","2012","Swaziland","65"
"588","2012","Sweden","19"
"589","2012","Switzerland","17"
"590","2012","Syria","728,698"
"591","2012","Tajikistan","674"
"592","2012","Tanzania","1,122"
"593","2012","Thailand","369"
"594","2012","Tibet","15,000"
"595","2012","East Timor","9"
"596","2012","Togo","15,692"
"597","2012","Tonga","13"
"598","2012","Trinidad and Tobago","333"
"599","2012","Tunisia","1,934"
"600","2012","Turkey","135,370"
"601","2012","Turkmenistan","723"
"602","2012","Turks and Caicos Islands","14"
"603","2012","Tuvalu","1"
"604","2012","Uganda","5,608"
"605","2012","Ukraine","25,254"
"606","2012","UAE","584"
"607","2012","United Kingdom","153"
"608","2012","United States","4,453"
"609","2012","Uruguay","171"
"610","2012","Uzbekistan","7,088"
"611","2012","Vanuatu","1"
"612","2012","Various/unknown","125,921"
"613","2012","Venezuela","8,208"
"614","2012","Vietnam","336,939"
"615","2012","Western Sahara","90,452"
"616","2012","Yemen","2,593"
"617","2012","Zambia","243"
"618","2012","Zimbabwe","22,101"
"619","2011","Afghanistan","2,664,436"
"620","2011","Albania","13,551"
"621","2011","Algeria","6,120"
"622","2011","Andorra","6"
"623","2011","Angola","128,664"
"624","2011","Antigua and Barbuda","32"
"625","2011","Argentina","518"
"626","2011","Armenia","16,486"
"627","2011","Australia","39"
"628","2011","Austria","11"
"629","2011","Azerbaijan","16,162"
"630","2011","Bahamas","185"
"631","2011","Bahrain","215"
"632","2011","Bangladesh","10,052"
"633","2011","Barbados","45"
"634","2011","Belarus","5,925"
"635","2011","Belgium","90"
"636","2011","Belize","32"
"637","2011","Benin","461"
"638","2011","Bhutan","55,603"
"639","2011","Bolivia","611"
"640","2011","Bosnia and Herzegovina","58,515"
"641","2011","Botswana","85"
"642","2011","Brazil","1,045"
"643","2011","Brunei","1"
"644","2011","Bulgaria","2,327"
"645","2011","Burkina Faso","1,267"
"646","2011","Burundi","101,288"
"647","2011","Cambodia","15,184"
"648","2011","Cameroon","15,163"
"649","2011","Canada","105"
"650","2011","Cape Verde","27"
"651","2011","CAR","160,736"
"652","2011","Cayman Islands","1"
"653","2011","Chad","18,720"
"654","2011","Chile","1,189"
"655","2011","China","190,369"
"656","2011","Colombia","113,605"
"657","2011","Comoros","422"
"658","2011","Congo","12,839"
"659","2011","Cook Islands","1"
"660","2011","Costa Rica","331"
"661","2011","Ivory Coast","154,824"
"662","2011","Croatia","62,649"
"663","2011","Cuba","6,849"
"664","2011","Curaçao",""
"665","2011","Cyprus","11"
"666","2011","Czech Republic","763"
"667","2011","Denmark","9"
"668","2011","Djibouti","602"
"669","2011","Dominica","52"
"670","2011","Dominican Republic","250"
"671","2011","DRC","491,481"
"672","2011","Ecuador","909"
"673","2011","Egypt","7,934"
"674","2011","El Salvador","6,720"
"675","2011","Equatorial Guinea","258"
"676","2011","Eritrea","220,745"
"677","2011","Estonia","224"
"678","2011","Ethiopia","70,586"
"679","2011","Fiji","1,579"
"680","2011","Finland","7"
"681","2011","France","99"
"682","2011","French Polynesia",""
"683","2011","Gabon","173"
"684","2011","Gambia","2,583"
"685","2011","Georgia","9,612"
"686","2011","Germany","174"
"687","2011","Ghana","20,279"
"688","2011","Gibraltar","2"
"689","2011","Greece","56"
"690","2011","Grenada","323"
"691","2011","Guatemala","6,088"
"692","2011","Guinea","13,161"
"693","2011","Guinea-Bissau","1,123"
"694","2011","Guyana","771"
"695","2011","Haiti","33,661"
"696","2011","Honduras","1,966"
"697","2011","Hong Kong","15"
"698","2011","Hungary","1,238"
"699","2011","Iceland","3"
"700","2011","India","16,232"
"701","2011","Indonesia","10,659"
"702","2011","Iran","72,347"
"703","2011","Iraq","1,428,308"
"704","2011","Ireland","8"
"705","2011","Israel","1,335"
"706","2011","Italy","58"
"707","2011","Jamaica","1,252"
"708","2011","Japan","176"
"709","2011","Jordan","2,248"
"710","2011","Kazakhstan","3,500"
"711","2011","Kenya","8,745"
"712","2011","Kiribati","33"
"713","2011","Kuwait","1,120"
"714","2011","Kyrgyzstan","3,162"
"715","2011","Laos","8,087"
"716","2011","Latvia","709"
"717","2011","Lebanon","15,013"
"718","2011","Lesotho","11"
"719","2011","Liberia","66,752"
"720","2011","Libya","3,335"
"721","2011","Lithuania","528"
"722","2011","Luxembourg",""
"723","2011","Macao","10"
"724","2011","Macedonia","7,684"
"725","2011","Madagascar","288"
"726","2011","Malawi","222"
"727","2011","Malaysia","537"
"728","2011","Maldives","21"
"729","2011","Mali","4,295"
"730","2011","Malta","6"
"731","2011","Marshall Islands",""
"732","2011","Mauritania","39,929"
"733","2011","Mauritius","42"
"734","2011","Mexico","7,472"
"735","2011","Moldova","6,264"
"736","2011","Monaco","4"
"737","2011","Mongolia","1,985"
"738","2011","Montenegro","3,698"
"739","2011","Morocco","2,312"
"740","2011","Mozambique","155"
"741","2011","Myanmar","214,594"
"742","2011","Namibia","1,073"
"743","2011","Nauru",""
"744","2011","Nepal","6,852"
"745","2011","Netherlands","64"
"746","2011","New Zealand","18"
"747","2011","Nicaragua","1,468"
"748","2011","Niger","819"
"749","2011","Nigeria","16,840"
"750","2011","Niue","7"
"751","2011","Norfolk Island",""
"752","2011","North Korea","1,052"
"753","2011","Norway","7"
"754","2011","Oman","60"
"755","2011","Pakistan","33,009"
"756","2011","Palau",""
"757","2011","Palestinians (excl. UNRWA}","94,121"
"758","2011","Panama","100"
"759","2011","Papua New Guinea","128"
"760","2011","Paraguay","91"
"761","2011","Peru","5,491"
"762","2011","Philippines","933"
"763","2011","Poland","1,815"
"764","2011","Portugal","28"
"765","2011","Qatar","95"
"766","2011","Romania","3,428"
"767","2011","Russia","109,784"
"768","2011","Rwanda","106,833"
"769","2011","Saint Kitts and Nevis","9"
"770","2011","Saint Lucia","433"
"771","2011","Saint Vincent and the Grenadines","1,127"
"772","2011","Samoa","1"
"773","2011","San Marino","1"
"774","2011","Sao Tome and Principe","33"
"775","2011","Saudi Arabia","745"
"776","2011","Senegal","17,722"
"777","2011","Serbia and Kosovo","161,363"
"778","2011","Seychelles","42"
"779","2011","Sierra Leone","8,002"
"780","2011","Singapore","67"
"781","2011","Slovakia","269"
"782","2011","Slovenia","32"
"783","2011","Solomon Islands","72"
"784","2011","Somalia","1,075,148"
"785","2011","South Africa","429"
"786","2011","South Korea","514"
"787","2011","South Sudan","1"
"788","2011","Spain","43"
"789","2011","Sri Lanka","136,605"
"790","2011","Stateless","18,171"
"791","2011","Sudan","491,013"
"792","2011","Suriname","20"
"793","2011","Swaziland","43"
"794","2011","Sweden","23"
"795","2011","Switzerland","20"
"796","2011","Syria","19,900"
"797","2011","Tajikistan","612"
"798","2011","Tanzania","1,163"
"799","2011","Thailand","359"
"800","2011","Tibet","15,068"
"801","2011","East Timor","8"
"802","2011","Togo","17,870"
"803","2011","Tonga","10"
"804","2011","Trinidad and Tobago","297"
"805","2011","Tunisia","1,951"
"806","2011","Turkey","139,778"
"807","2011","Turkmenistan","726"
"808","2011","Turks and Caicos Islands","14"
"809","2011","Tuvalu","1"
"810","2011","Uganda","5,680"
"811","2011","Ukraine","25,379"
"812","2011","UAE","486"
"813","2011","United Kingdom","150"
"814","2011","United States","3,777"
"815","2011","Uruguay","184"
"816","2011","Uzbekistan","7,164"
"817","2011","Vanuatu","1"
"818","2011","Various/unknown","137,412"
"819","2011","Venezuela","7,577"
"820","2011","Vietnam","337,829"
"821","2011","Western Sahara","90,413"
"822","2011","Yemen","2,322"
"823","2011","Zambia","240"
"824","2011","Zimbabwe","25,048"
"825","2010","Afghanistan","3,054,709"
"826","2010","Albania","14,772"
"827","2010","Algeria","6,688"
"828","2010","Andorra","6"
"829","2010","Angola","134,858"
"830","2010","Antigua and Barbuda","30"
"831","2010","Argentina","557"
"832","2010","Armenia","17,546"
"833","2010","Australia","37"
"834","2010","Austria","10"
"835","2010","Azerbaijan","16,753"
"836","2010","Bahamas","17"
"837","2010","Bahrain","87"
"838","2010","Bangladesh","10,046"
"839","2010","Barbados","32"
"840","2010","Belarus","5,743"
"841","2010","Belgium","83"
"842","2010","Belize","23"
"843","2010","Benin","442"
"844","2010","Bhutan","72,776"
"845","2010","Bolivia","590"
"846","2010","Bosnia and Herzegovina","62,910"
"847","2010","Botswana","53"
"848","2010","Brazil","994"
"849","2010","Brunei","1"
"850","2010","Bulgaria","2,559"
"851","2010","Burkina Faso","1,141"
"852","2010","Burundi","84,064"
"853","2010","Cambodia","16,301"
"854","2010","Cameroon","14,963"
"855","2010","Canada","90"
"856","2010","Cape Verde","25"
"857","2010","CAR","162,755"
"858","2010","Cayman Islands","1"
"859","2010","Chad","21,583"
"860","2010","Chile","1,170"
"861","2010","China","184,602"
"862","2010","Colombia","113,233"
"863","2010","Comoros","368"
"864","2010","Congo","20,679"
"865","2010","Cook Islands","1"
"866","2010","Costa Rica","352"
"867","2010","Ivory Coast","41,758"
"868","2010","Croatia","65,861"
"869","2010","Cuba","6,470"
"870","2010","Curaçao",""
"871","2010","Cyprus","13"
"872","2010","Czech Republic","817"
"873","2010","Denmark","9"
"874","2010","Djibouti","566"
"875","2010","Dominica","52"
"876","2010","Dominican Republic","246"
"877","2010","DRC","476,693"
"878","2010","Ecuador","852"
"879","2010","Egypt","6,911"
"880","2010","El Salvador","4,976"
"881","2010","Equatorial Guinea","305"
"882","2010","Eritrea","205,458"
"883","2010","Estonia","240"
"884","2010","Ethiopia","68,832"
"885","2010","Fiji","1,851"
"886","2010","Finland","6"
"887","2010","France","92"
"888","2010","French Polynesia",""
"889","2010","Gabon","165"
"890","2010","Gambia","2,242"
"891","2010","Georgia","10,143"
"892","2010","Germany","164"
"893","2010","Ghana","20,201"
"894","2010","Gibraltar","2"
"895","2010","Greece","51"
"896","2010","Grenada","345"
"897","2010","Guatemala","5,679"
"898","2010","Guinea","11,985"
"899","2010","Guinea-Bissau","1,127"
"900","2010","Guyana","749"
"901","2010","Haiti","25,892"
"902","2010","Honduras","1,302"
"903","2010","Hong Kong","17"
"904","2010","Hungary","1,438"
"905","2010","Iceland","4"
"906","2010","India","17,769"
"907","2010","Indonesia","11,085"
"908","2010","Iran","68,795"
"909","2010","Iraq","1,683,575"
"910","2010","Ireland","8"
"911","2010","Israel","1,301"
"912","2010","Italy","50"
"913","2010","Jamaica","1,057"
"914","2010","Japan","152"
"915","2010","Jordan","2,252"
"916","2010","Kazakhstan","3,640"
"917","2010","Kenya","8,602"
"918","2010","Kiribati","33"
"919","2010","Kuwait","988"
"920","2010","Kyrgyzstan","2,744"
"921","2010","Laos","8,413"
"922","2010","Latvia","713"
"923","2010","Lebanon","15,869"
"924","2010","Lesotho","11"
"925","2010","Liberia","70,089"
"926","2010","Libya","2,309"
"927","2010","Lithuania","515"
"928","2010","Luxembourg",""
"929","2010","Macao","10"
"930","2010","Macedonia","7,890"
"931","2010","Madagascar","269"
"932","2010","Malawi","171"
"933","2010","Malaysia","552"
"934","2010","Maldives","19"
"935","2010","Mali","3,663"
"936","2010","Malta","6"
"937","2010","Marshall Islands",""
"938","2010","Mauritania","37,733"
"939","2010","Mauritius","28"
"940","2010","Mexico","6,816"
"941","2010","Moldova","6,200"
"942","2010","Monaco","2"
"943","2010","Mongolia","1,724"
"944","2010","Montenegro","3,246"
"945","2010","Morocco","2,284"
"946","2010","Mozambique","131"
"947","2010","Myanmar","215,644"
"948","2010","Namibia","1,017"
"949","2010","Nauru",""
"950","2010","Nepal","5,884"
"951","2010","Netherlands","53"
"952","2010","New Zealand","15"
"953","2010","Nicaragua","1,431"
"954","2010","Niger","803"
"955","2010","Nigeria","15,639"
"956","2010","Niue",""
"957","2010","Norfolk Island",""
"958","2010","North Korea","917"
"959","2010","Norway","7"
"960","2010","Oman","63"
"961","2010","Pakistan","33,591"
"962","2010","Palau",""
"963","2010","Palestinians (excl. UNRWA}","93,299"
"964","2010","Panama","100"
"965","2010","Papua New Guinea","89"
"966","2010","Paraguay","86"
"967","2010","Peru","5,834"
"968","2010","Philippines","953"
"969","2010","Poland","1,764"
"970","2010","Portugal","30"
"971","2010","Qatar","112"
"972","2010","Romania","3,933"
"973","2010","Russia","108,261"
"974","2010","Rwanda","114,836"
"975","2010","Saint Kitts and Nevis","7"
"976","2010","Saint Lucia","334"
"977","2010","Saint Vincent and the Grenadines","946"
"978","2010","Samoa","1"
"979","2010","San Marino","2"
"980","2010","Sao Tome and Principe","33"
"981","2010","Saudi Arabia","667"
"982","2010","Senegal","16,267"
"983","2010","Serbia and Kosovo","182,955"
"984","2010","Seychelles","49"
"985","2010","Sierra Leone","11,277"
"986","2010","Singapore","76"
"987","2010","Slovakia","158"
"988","2010","Slovenia","38"
"989","2010","Solomon Islands","75"
"990","2010","Somalia","770,148"
"991","2010","South Africa","380"
"992","2010","South Korea","585"
"993","2010","South Sudan",""
"994","2010","Spain","42"
"995","2010","Sri Lanka","141,063"
"996","2010","Stateless","16,909"
"997","2010","Sudan","379,067"
"998","2010","Suriname","25"
"999","2010","Swaziland","36"
"1000","2010","Sweden","24"
"1001","2010","Switzerland","19"
"1002","2010","Syria","18,428"
"1003","2010","Tajikistan","577"
"1004","2010","Tanzania","1,144"
"1005","2010","Thailand","348"
"1006","2010","Tibet","15,082"
"1007","2010","East Timor","8"
"1008","2010","Togo","18,329"
"1009","2010","Tonga","6"
"1010","2010","Trinidad and Tobago","255"
"1011","2010","Tunisia","2,173"
"1012","2010","Turkey","146,793"
"1013","2010","Turkmenistan","738"
"1014","2010","Turks and Caicos Islands","1"
"1015","2010","Tuvalu",""
"1016","2010","Uganda","6,441"
"1017","2010","Ukraine","25,111"
"1018","2010","UAE","424"
"1019","2010","United Kingdom","152"
"1020","2010","United States","3,025"
"1021","2010","Uruguay","186"
"1022","2010","Uzbekistan","6,886"
"1023","2010","Vanuatu","1"
"1024","2010","Various/unknown","160,678"
"1025","2010","Venezuela","6,701"
"1026","2010","Vietnam","338,698"
"1027","2010","Western Sahara","90,415"
"1028","2010","Yemen","2,075"
"1029","2010","Zambia","228"
"1030","2010","Zimbabwe","24,089"
"1031","2009","Afghanistan","1,905,804"
"1032","2009","Albania","15,711"
"1033","2009","Algeria","8,184"
"1034","2009","Andorra","6"
"1035","2009","Angola","141,021"
"1036","2009","Antigua and Barbuda","28"
"1037","2009","Argentina","608"
"1038","2009","Armenia","18,000"
"1039","2009","Australia","28"
"1040","2009","Austria","12"
"1041","2009","Azerbaijan","16,939"
"1042","2009","Bahamas","15"
"1043","2009","Bahrain","79"
"1044","2009","Bangladesh","10,432"
"1045","2009","Barbados","29"
"1046","2009","Belarus","5,525"
"1047","2009","Belgium","71"
"1048","2009","Belize","17"
"1049","2009","Benin","411"
"1050","2009","Bhutan","86,773"
"1051","2009","Bolivia","573"
"1052","2009","Bosnia and Herzegovina","69,911"
"1053","2009","Botswana","30"
"1054","2009","Brazil","973"
"1055","2009","Brunei","1"
"1056","2009","Bulgaria","2,745"
"1057","2009","Burkina Faso","986"
"1058","2009","Burundi","94,239"
"1059","2009","Cambodia","17,011"
"1060","2009","Cameroon","14,766"
"1061","2009","Canada","99"
"1062","2009","Cape Verde","24"
"1063","2009","CAR","154,005"
"1064","2009","Cayman Islands",""
"1065","2009","Chad","21,646"
"1066","2009","Chile","1,312"
"1067","2009","China","180,558"
"1068","2009","Colombia","104,388"
"1069","2009","Comoros","268"
"1070","2009","Congo","20,544"
"1071","2009","Cook Islands","1"
"1072","2009","Costa Rica","344"
"1073","2009","Ivory Coast","23,153"
"1074","2009","Croatia","76,478"
"1075","2009","Cuba","6,549"
"1076","2009","Curaçao",""
"1077","2009","Cyprus","11"
"1078","2009","Czech Republic","1,067"
"1079","2009","Denmark","10"
"1080","2009","Djibouti","622"
"1081","2009","Dominica","53"
"1082","2009","Dominican Republic","230"
"1083","2009","DRC","455,852"
"1084","2009","Ecuador","1,027"
"1085","2009","Egypt","6,987"
"1086","2009","El Salvador","5,051"
"1087","2009","Equatorial Guinea","344"
"1088","2009","Eritrea","197,313"
"1089","2009","Estonia","248"
"1090","2009","Ethiopia","62,873"
"1091","2009","Fiji","1,892"
"1092","2009","Finland","6"
"1093","2009","France","87"
"1094","2009","French Polynesia",""
"1095","2009","Gabon","144"
"1096","2009","Gambia","1,973"
"1097","2009","Georgia","10,020"
"1098","2009","Germany","170"
"1099","2009","Ghana","14,890"
"1100","2009","Gibraltar","1"
"1101","2009","Greece","62"
"1102","2009","Grenada","333"
"1103","2009","Guatemala","5,768"
"1104","2009","Guinea","10,920"
"1105","2009","Guinea-Bissau","1,109"
"1106","2009","Guyana","727"
"1107","2009","Haiti","24,116"
"1108","2009","Honduras","1,166"
"1109","2009","Hong Kong","12"
"1110","2009","Hungary","1,537"
"1111","2009","Iceland","4"
"1112","2009","India","19,514"
"1113","2009","Indonesia","12,478"
"1114","2009","Iran","72,773"
"1115","2009","Iraq","1,785,212"
"1116","2009","Ireland","7"
"1117","2009","Israel","1,310"
"1118","2009","Italy","45"
"1119","2009","Jamaica","909"
"1120","2009","Japan","150"
"1121","2009","Jordan","2,127"
"1122","2009","Kazakhstan","3,744"
"1123","2009","Kenya","9,620"
"1124","2009","Kiribati","33"
"1125","2009","Kuwait","938"
"1126","2009","Kyrgyzstan","2,612"
"1127","2009","Laos","8,398"
"1128","2009","Latvia","791"
"1129","2009","Lebanon","16,259"
"1130","2009","Lesotho","10"
"1131","2009","Liberia","71,572"
"1132","2009","Libya","2,202"
"1133","2009","Lithuania","501"
"1134","2009","Luxembourg",""
"1135","2009","Macao","9"
"1136","2009","Macedonia","7,926"
"1137","2009","Madagascar","274"
"1138","2009","Malawi","130"
"1139","2009","Malaysia","532"
"1140","2009","Maldives","16"
"1141","2009","Mali","2,926"
"1142","2009","Malta","9"
"1143","2009","Marshall Islands",""
"1144","2009","Mauritania","39,143"
"1145","2009","Mauritius","23"
"1146","2009","Mexico","6,435"
"1147","2009","Moldova","5,925"
"1148","2009","Monaco","1"
"1149","2009","Mongolia","1,495"
"1150","2009","Montenegro","2,582"
"1151","2009","Morocco","2,285"
"1152","2009","Mozambique","136"
"1153","2009","Myanmar","206,650"
"1154","2009","Namibia","921"
"1155","2009","Nauru",""
"1156","2009","Nepal","5,108"
"1157","2009","Netherlands","44"
"1158","2009","New Zealand","10"
"1159","2009","Nicaragua","1,478"
"1160","2009","Niger","822"
"1161","2009","Nigeria","15,608"
"1162","2009","Niue",""
"1163","2009","Norfolk Island",""
"1164","2009","North Korea","881"
"1165","2009","Norway","4"
"1166","2009","Oman","64"
"1167","2009","Pakistan","35,132"
"1168","2009","Palau",""
"1169","2009","Palestinians (excl. UNRWA}","95,177"
"1170","2009","Panama","105"
"1171","2009","Papua New Guinea","70"
"1172","2009","Paraguay","77"
"1173","2009","Peru","6,271"
"1174","2009","Philippines","979"
"1175","2009","Poland","2,059"
"1176","2009","Portugal","31"
"1177","2009","Qatar","68"
"1178","2009","Romania","4,357"
"1179","2009","Russia","109,455"
"1180","2009","Rwanda","129,109"
"1181","2009","Saint Kitts and Nevis","4"
"1182","2009","Saint Lucia","314"
"1183","2009","Saint Vincent and the Grenadines","849"
"1184","2009","Samoa",""
"1185","2009","San Marino","1"
"1186","2009","Sao Tome and Principe","33"
"1187","2009","Saudi Arabia","633"
"1188","2009","Senegal","16,305"
"1189","2009","Serbia and Kosovo","195,167"
"1190","2009","Seychelles","49"
"1191","2009","Sierra Leone","15,417"
"1192","2009","Singapore","80"
"1193","2009","Slovakia","334"
"1194","2009","Slovenia","39"
"1195","2009","Solomon Islands","66"
"1196","2009","Somalia","678,308"
"1197","2009","South Africa","384"
"1198","2009","South Korea","573"
"1199","2009","South Sudan",""
"1200","2009","Spain","34"
"1201","2009","Sri Lanka","145,712"
"1202","2009","Stateless","15,864"
"1203","2009","Sudan","348,500"
"1204","2009","Suriname","45"
"1205","2009","Swaziland","32"
"1206","2009","Sweden","18"
"1207","2009","Switzerland","18"
"1208","2009","Syria","17,884"
"1209","2009","Tajikistan","562"
"1210","2009","Tanzania","1,204"
"1211","2009","Thailand","486"
"1212","2009","Tibet","20,080"
"1213","2009","East Timor","7"
"1214","2009","Togo","18,377"
"1215","2009","Tonga","5"
"1216","2009","Trinidad and Tobago","240"
"1217","2009","Tunisia","2,259"
"1218","2009","Turkey","146,386"
"1219","2009","Turkmenistan","743"
"1220","2009","Turks and Caicos Islands","1"
"1221","2009","Tuvalu",""
"1222","2009","Uganda","7,554"
"1223","2009","Ukraine","24,522"
"1224","2009","UAE","414"
"1225","2009","United Kingdom","155"
"1226","2009","United States","2,367"
"1227","2009","Uruguay","188"
"1228","2009","Uzbekistan","6,669"
"1229","2009","Vanuatu",""
"1230","2009","Various/unknown","174,957"
"1231","2009","Venezuela","6,221"
"1232","2009","Vietnam","339,289"
"1233","2009","Western Sahara","90,474"
"1234","2009","Yemen","1,933"
"1235","2009","Zambia","206"
"1236","2009","Zimbabwe","22,449"
"1237","2008","Afghanistan","1,817,913"
"1238","2008","Albania","15,006"
"1239","2008","Algeria","9,060"
"1240","2008","Andorra","6"
"1241","2008","Angola","171,393"
"1242","2008","Antigua and Barbuda","26"
"1243","2008","Argentina","1,047"
"1244","2008","Armenia","16,336"
"1245","2008","Australia","43"
"1246","2008","Austria","14"
"1247","2008","Azerbaijan","16,319"
"1248","2008","Bahamas","15"
"1249","2008","Bahrain","80"
"1250","2008","Bangladesh","10,098"
"1251","2008","Barbados","34"
"1252","2008","Belarus","5,384"
"1253","2008","Belgium","61"
"1254","2008","Belize","20"
"1255","2008","Benin","318"
"1256","2008","Bhutan","102,465"
"1257","2008","Bolivia","454"
"1258","2008","Bosnia and Herzegovina","74,131"
"1259","2008","Botswana","26"
"1260","2008","Brazil","1,404"
"1261","2008","Brunei","1"
"1262","2008","Bulgaria","3,040"
"1263","2008","Burkina Faso","721"
"1264","2008","Burundi","281,592"
"1265","2008","Cambodia","17,245"
"1266","2008","Cameroon","13,870"
"1267","2008","Canada","101"
"1268","2008","Cape Verde","30"
"1269","2008","CAR","120,106"
"1270","2008","Cayman Islands",""
"1271","2008","Chad","55,105"
"1272","2008","Chile","994"
"1273","2008","China","175,180"
"1274","2008","Colombia","77,232"
"1275","2008","Comoros","378"
"1276","2008","Congo","19,925"
"1277","2008","Cook Islands",""
"1278","2008","Costa Rica","354"
"1279","2008","Ivory Coast","22,227"
"1280","2008","Croatia","97,012"
"1281","2008","Cuba","6,938"
"1282","2008","Curaçao",""
"1283","2008","Cyprus","10"
"1284","2008","Czech Republic","1,358"
"1285","2008","Denmark","11"
"1286","2008","Djibouti","650"
"1287","2008","Dominica","56"
"1288","2008","Dominican Republic","318"
"1289","2008","DRC","367,995"
"1290","2008","Ecuador","1,066"
"1291","2008","Egypt","6,777"
"1292","2008","El Salvador","5,151"
"1293","2008","Equatorial Guinea","384"
"1294","2008","Eritrea","181,971"
"1295","2008","Estonia","248"
"1296","2008","Ethiopia","63,862"
"1297","2008","Fiji","1,868"
"1298","2008","Finland","4"
"1299","2008","France","101"
"1300","2008","French Polynesia",""
"1301","2008","Gabon","129"
"1302","2008","Gambia","1,352"
"1303","2008","Georgia","7,598"
"1304","2008","Germany","166"
"1305","2008","Ghana","13,239"
"1306","2008","Gibraltar","1"
"1307","2008","Greece","67"
"1308","2008","Grenada","312"
"1309","2008","Guatemala","5,934"
"1310","2008","Guinea","9,495"
"1311","2008","Guinea-Bissau","1,065"
"1312","2008","Guyana","708"
"1313","2008","Haiti","23,066"
"1314","2008","Honduras","1,116"
"1315","2008","Hong Kong","11"
"1316","2008","Hungary","1,614"
"1317","2008","Iceland","7"
"1318","2008","India","19,569"
"1319","2008","Indonesia","18,852"
"1320","2008","Iran","69,061"
"1321","2008","Iraq","1,873,519"
"1322","2008","Ireland","7"
"1323","2008","Israel","1,494"
"1324","2008","Italy","62"
"1325","2008","Jamaica","826"
"1326","2008","Japan","185"
"1327","2008","Jordan","1,889"
"1328","2008","Kazakhstan","4,825"
"1329","2008","Kenya","9,688"
"1330","2008","Kiribati","38"
"1331","2008","Kuwait","854"
"1332","2008","Kyrgyzstan","2,517"
"1333","2008","Laos","8,598"
"1334","2008","Latvia","763"
"1335","2008","Lebanon","12,966"
"1336","2008","Lesotho","8"
"1337","2008","Liberia","75,213"
"1338","2008","Libya","2,084"
"1339","2008","Lithuania","490"
"1340","2008","Luxembourg",""
"1341","2008","Macao","9"
"1342","2008","Macedonia","7,521"
"1343","2008","Madagascar","277"
"1344","2008","Malawi","106"
"1345","2008","Malaysia","608"
"1346","2008","Maldives","16"
"1347","2008","Mali","1,758"
"1348","2008","Malta","9"
"1349","2008","Marshall Islands",""
"1350","2008","Mauritania","45,601"
"1351","2008","Mauritius","24"
"1352","2008","Mexico","6,162"
"1353","2008","Moldova","5,555"
"1354","2008","Monaco",""
"1355","2008","Mongolia","1,333"
"1356","2008","Montenegro","1,283"
"1357","2008","Morocco","3,533"
"1358","2008","Mozambique","208"
"1359","2008","Myanmar","184,347"
"1360","2008","Namibia","985"
"1361","2008","Nauru","3"
"1362","2008","Nepal","4,189"
"1363","2008","Netherlands","46"
"1364","2008","New Zealand","10"
"1365","2008","Nicaragua","1,537"
"1366","2008","Niger","796"
"1367","2008","Nigeria","14,168"
"1368","2008","Niue",""
"1369","2008","Norfolk Island",""
"1370","2008","North Korea","886"
"1371","2008","Norway","4"
"1372","2008","Oman","56"
"1373","2008","Pakistan","32,403"
"1374","2008","Palau","1"
"1375","2008","Palestinians (excl. UNRWA}","333,990"
"1376","2008","Panama","111"
"1377","2008","Papua New Guinea","46"
"1378","2008","Paraguay","101"
"1379","2008","Peru","7,339"
"1380","2008","Philippines","1,346"
"1381","2008","Poland","2,391"
"1382","2008","Portugal","36"
"1383","2008","Qatar","71"
"1384","2008","Romania","4,755"
"1385","2008","Russia","103,061"
"1386","2008","Rwanda","72,530"
"1387","2008","Saint Kitts and Nevis","4"
"1388","2008","Saint Lucia","288"
"1389","2008","Saint Vincent and the Grenadines","750"
"1390","2008","Samoa","4"
"1391","2008","San Marino","1"
"1392","2008","Sao Tome and Principe","35"
"1393","2008","Saudi Arabia","712"
"1394","2008","Senegal","16,006"
"1395","2008","Serbia and Kosovo","185,432"
"1396","2008","Seychelles","53"
"1397","2008","Sierra Leone","32,536"
"1398","2008","Singapore","109"
"1399","2008","Slovakia","331"
"1400","2008","Slovenia","52"
"1401","2008","Solomon Islands","52"
"1402","2008","Somalia","559,153"
"1403","2008","South Africa","453"
"1404","2008","South Korea","1,104"
"1405","2008","South Sudan",""
"1406","2008","Spain","27"
"1407","2008","Sri Lanka","137,745"
"1408","2008","Stateless","14,171"
"1409","2008","Sudan","397,013"
"1410","2008","Suriname","50"
"1411","2008","Swaziland","32"
"1412","2008","Sweden","15"
"1413","2008","Switzerland","32"
"1414","2008","Syria","15,186"
"1415","2008","Tajikistan","544"
"1416","2008","Tanzania","1,270"
"1417","2008","Thailand","1,801"
"1418","2008","Tibet","20,079"
"1419","2008","East Timor","7"
"1420","2008","Togo","16,749"
"1421","2008","Tonga","7"
"1422","2008","Trinidad and Tobago","231"
"1423","2008","Tunisia","2,349"
"1424","2008","Turkey","214,376"
"1425","2008","Turkmenistan","736"
"1426","2008","Turks and Caicos Islands","1"
"1427","2008","Tuvalu","2"
"1428","2008","Uganda","7,548"
"1429","2008","Ukraine","28,424"
"1430","2008","UAE","256"
"1431","2008","United Kingdom","184"
"1432","2008","United States","2,136"
"1433","2008","Uruguay","199"
"1434","2008","Uzbekistan","6,308"
"1435","2008","Vanuatu",""
"1436","2008","Various/unknown","168,381"
"1437","2008","Venezuela","5,807"
"1438","2008","Vietnam","328,183"
"1439","2008","Western Sahara","90,530"
"1440","2008","Yemen","1,776"
"1441","2008","Zambia","195"
"1442","2008","Zimbabwe","16,841"
